{"cameraMode":{"drawMode":0,"name":"Shaded","section":"Shading Mode"},"sceneLighting":true,"audioPlay":false,"sceneViewState":{"m_AlwaysRefresh":false,"showFog":true,"showSkybox":true,"showFlares":true,"showImageEffects":true,"showParticleSystems":true,"showVisualEffectGraphs":true,"m_FxEnabled":true},"in2DMode":false,"pivot":{"x":-13.698780059814454,"y":-5.136630535125732,"z":-12.335328102111817},"rotation":{"x":-0.09498220682144165,"y":0.8457935452461243,"z":-0.16074231266975404,"w":-0.49977603554725649},"size":10.300000190734864,"orthographic":false}