{"cameraMode":{"drawMode":0,"name":"Shaded","section":"Shading Mode"},"sceneLighting":false,"audioPlay":false,"sceneViewState":{"m_AlwaysRefresh":false,"showFog":true,"showSkybox":false,"showFlares":true,"showImageEffects":true,"showParticleSystems":true,"showVisualEffectGraphs":true,"m_FxEnabled":true},"in2DMode":false,"pivot":{"x":-0.8553193807601929,"y":1.139330506324768,"z":-0.6857306361198425},"rotation":{"x":-0.5335442423820496,"y":0.19506798684597016,"z":0.8129562735557556,"w":0.12804871797561646},"size":1.2247449159622193,"orthographic":false}